<?xml version="1.0" encoding="utf-8" ?>
<access component="com_thm_groups">
        <section name="component">
                <action name="core.admin" title="JACTION_ADMIN" description="JACTION_ADMIN_COMPONENT_DESC" />
                <!--<action name="frontend.access" title="COM_THM_QUICKPAGES_ACTION_FRONTEND_ACCESS" description="COM_THM_QUICKPAGES_ACTION_FRONTEND_ACCESS_DESC" />-->
                <action name="core.manage" title="JACTION_MANAGE" description="JACTION_MANAGE_COMPONENT_DESC" />
                <action name="core.create" title="JACTION_CREATE" description="JACTION_CREATE_COMPONENT_DESC" />
                <action name="core.edit" title="JACTION_EDIT" description="JACTION_EDIT_COMPONENT_DESC" />
                <action name="core.delete" title="JACTION_DELETE" description="JACTION_DELETE_COMPONENT_DESC" />
                <!--<action name="frontend.create" title="COM_THM_GROUPS_FRONTEND_ACCESS_CREATE" description="COM_THM_GROUPS_FRONTEND_ACCESS_CREATE_DESC" />
                <action name="frontend.edit" title="COM_THM_GROUPS_FRONTEND_ACCESS_EDIT" description="COM_THM_GROUPS_FRONTEND_ACCESS_EDIT_DESC" />
                <action name="frontend.delete" title="COM_THM_GROUPS_FRONTEND_ACCESS_DELETE" description="COM_THM_GROUPS_FRONTEND_ACCESS_DELETE_DESC" />-->
        </section>
</access>
