<?xml version="1.0" encoding="utf-8" standalone="yes"?>
<export type="profiles">
    <profiles>
        <profile>
            <name>THM Groups</name>
            <description>Default profile for THM Groups component</description>
            <users></users>
            <types>1,6,7,2,3,4,5,46,48,52,65,49,50,51,66,67,59,60,61,62,63,64,41,42,43,29,56,57,58,53,54,55,8,72</types>
            <components>com_modules,com_thm_groups</components>
            <area>0</area>
            <rows>help,fullscreen,preview,print,spacer,undo,redo,spacer,bold,italic,underline,strikethrough,justifyfull,justifycenter,justifyleft,justifyright;formatselect,styleselect,removeformat,cleanup,spacer,forecolor,backcolor,paste;indent,outdent,numlist,bullist,spacer,hr,charmap,spacer,unlink,link,imgmanager</rows>
            <plugins>fullscreen,preview,print,cleanup,paste,link,imgmanager,browser,contextmenu,inlinepopups,media</plugins>
            <published>0</published>
            <ordering>0</ordering>
            <params>
                <param>{"editor":{"width":"","height":"","toolbar_theme":"default","toolbar_align":"left","toolbar_location":"top","statusbar_location":"bottom","path":"1","resizing":"1","resize_horizontal":"1","resizing_use_cookie":"1","dialog_theme":"jce","profile_content_css":"2","profile_content_css_custom":"","relative_urls":"1","invalid_elements":"","extended_elements":"","theme_advanced_blockformats":["p","div","h1","h2","h3","h4","h5","h6","address","code","pre","samp","span"],"theme_advanced_fonts_add":"","theme_advanced_fonts_remove":"","theme_advanced_font_sizes":"8pt,10pt,12pt,14pt,18pt,24pt,36pt","inline_styles":"1","cdata":"1","allow_javascript":"0","allow_css":"0","allow_php":"0","allow_applet":"0","visualchars":"0","toggle":"1","toggle_state":"1","toggle_label":"[show\/hide]","custom_colors":"","dir":"","filesystem":{"name":"joomla","joomla":{"allow_root":"0","restrict_dir":"administrator,cache,components,includes,language,libraries,logs,media,modules,plugins,templates,xmlrpc"}},"max_size":"","upload_conflict":"overwrite","upload_runtimes":["html5","flash","silverlight"],"browser_position":"bottom","folder_tree":"1","list_limit":"all","validate_mimetype":"0"},"paste":{"use_dialog":"0","dialog_width":"450","dialog_height":"400","force_cleanup":"0","strip_class_attributes":"all","remove_spans":"0","remove_styles":"0","retain_style_properties":"","remove_empty_paragraphs":"1","remove_styles_if_webkit":"0","html":"1","text":"1"},"link":{"target":"","file_browser":"1","tabs_advanced":"1","attributes_anchor":"1","attributes_target":"1","links":{"joomlalinks":{"enable":"1","article_alias":"1","content":"1","static":"1","contacts":"1","weblinks":"1","menu":"1"}},"popups":{"jcemediabox":{"enable":"1"},"window":{"enable":"1"}}},"imgmanager":{"dir":"","max_size":"","extensions":"image=jpeg,jpg,png,gif","hide_xtd_btns":"0","filesystem":{"name":""},"margin_top":"","margin_right":"","margin_bottom":"","margin_left":"","border":"0","border_width":"1","border_style":"solid","border_color":"#000000","align":"","tabs_rollover":"1","tabs_advanced":"1","attributes_dimensions":"1","attributes_align":"1","attributes_margin":"1","attributes_border":"1","upload":"1","folder_new":"1","folder_delete":"1","folder_rename":"1","file_delete":"1","file_rename":"1","file_move":"1"},"browser":{"dir":"","max_size":"","extensions":"xml=xml;html=htm,html;office=doc,docx,ppt,xls;text=txt,rtf;image=gif,jpeg,jpg,png;acrobat=pdf;archive=zip,tar,gz,rar;flash=swf;quicktime=mov,mp4,qt;windowsmedia=wmv,asx,asf,avi;audio=wav,mp3,aiff;openoffice=odt,odg,odp,ods,odf","filesystem":{"filesystem":""},"upload":"1","folder_new":"1","folder_delete":"1","folder_rename":"1","file_delete":"1","file_rename":"1","file_move":"1"},"media":{"strict":"1","iframes":"0","audio":"1","video":"1","object":"1","embed":"1","version_flash":"10,1,53,64","version_windowsmedia":"10,00,00,3646","version_quicktime":"7,3,0,0","version_java":"1,5,0,0","version_shockwave":"10,2,0,023"}}</param>
                </params>
        </profile>
    </profiles>
</export>
